TeamNumber,TeamName,TeamTag,TeamLogo,TeamColour
1,Please Don't Shoot Us,ARK,ARK.png,
2,Losing All Matches Every Time,LAMA,LAMA.png,
3,I Was Muted,MUTE,MUTE.png,
4,Super Survivor,SUPER,SUPER.png,
5,Gab's Lightning Storm,GAB,GAB.png,
6,Chicken Dinner Chefs,CDC,CDC.png,
7,RGB For The Win,RGB,RGB.png,
8,Running Targets,RNT,RNT.png,
9,Playing with Controller,CTRL,CTRL.png,
10,Bullet Dodgers,BLD,BLD.png,
11,Pixel Chicken,PIX,PIX.png,
12,Blue Zone Zoros,BZZ,BZZ.png,
13,Red Zone Runners,RED,RED.png,
14,Rapid Reloaders,RR,RR.png,
15,Bandages Stop Bullets,BSB,BSB.png,
16,Casters' Curse,CUR,CUR.png,
17,Garfield,GARF,GARF.png,
18,200FPS,FPS,FPS.png,
19,FluteGrounds,FLUTE,FLUTE.png,
20,Clumsy Commanders,CC,CC.png,
21,The Noble Noobs,NOOBS,NOOBS.png,
22,Look Ma! I'm on Twitch!,TWTCH,TWTCH.png,
23,Bush Campers,BCP,BCP.png,
24,Pineapple Pizza,PINE,PINE.png,
25,Limb Modifiers,LMB,LMB.png,
26,Aim Masters,AIM,AIM.png,
27,Braveheart,BRV,BRV.png,
28,AfterLife,AFT,AFT.png,
29,Favorite To Lose,FTL,FTL.png,
30,Haunted Deathboxes,HAUN,HAUN.png,
31,Sleepy Chicken,SLP,SLP.png,
32,Squat,SQUAT,SQUAT.png,
33,Bullet Rider,BUL,BUL.png,
34,Winner Winner Tofu Dinner,WWTD,WWTD.png,
35,Giggling Grenades,GGD,GGD.png,
36,Pan The Dan,PTD,PTD.png,
37,Forward Left Back Right,WASD,WASD.png,
38,Broken Armor,BRK,BRK.png,
39,Confused,CONF,CONF.png,
40,Hot Drop Burrito,HDB,HDB.png,
41,I Got Tired,TRD,TRD.png,
42,Pan Smashers,PSM,PSM.png,
43,Prone Potatoes,PPT,PPT.png,
44,Keyboard Warriors,KEY,KEY.png,
45,ERROR,ERR,ERR.png,
46,Chicks Army,CHK,CHK.png,
47,Safe Rez! Safe Rez!,REZ,REZ.png,
48,Vikendi Snowmen,VSM,VSM.png,
49,Loot Goblins,LGB,LGB.png,
50,PUBG Reddit,RDDT,RDDT.png,
